avg,gender,title
48485.651388888889,F,Assistant Engineer
48404.144320297952,M,Assistant Engineer
48550.090718659362,F,Engineer
48520.624306714770,M,Engineer
45036.750000000000,F,Manager
53251.600000000000,M,Manager
48416.230919025751,F,Senior Engineer
48559.254244852813,M,Senior Engineer
58454.574804830446,F,Senior Staff
58550.182889177771,M,Senior Staff
58412.394251734390,F,Staff
58472.795672454004,M,Staff
48415.510480887793,F,Technique Leader
48612.246070385311,M,Technique Leader
